aumelsql02d,win2008
dallvvkbat1p,linux
dallvvkbat2p,linux
dalszest1p,linux
dalsztaoray1p,linux
fanszest1p,linux
fanszest2p,linux
fansztaoray1d,linux
fansztaoray1p,linux
fansztaoray1t,linux
fansztaoray2p,linux
gbhenasysw36v,win2008
gblonasysw35v,win2008
gblonasysw35vd,win2008
gblonasysw35vt,win2008
gblonrisk01v,win2012
gblonrisk01vd,win2012
gblonrisk01vt,win2012
houlvkbatchd2.ops.invesco.net,linux
housestp1,linux
housestp1.ops.invesco.net,linux
housestp2,linux
houvmitklugms1,win7
inhydcxa60083vd,win2008
inhydcxa60084vd,win2008
taorayp.app.invesco.net,linux
usappabatlb101,linux
usappabatld101,linux
usappabatlp101,linux
usappabatlp102,linux
usappabatlt101,linux
usappasysld101,win2016
usappasyslp101,win2016
usappasyslp102,win2016
usappasyslp103,win2016
usappasyslt101,win2016
usappasyswd100,win2016
usappasyswd101,win2016
usappasyswd102,win2016
usappasyswd103,win2016
usappasyswd110,win2016
usappasyswd111,win2016
usappasyswd120,win2016
usappasyswd130,win2016
usappasyswd131,win2016
usappasyswp101,win2016
usappasyswp102,win2016
usappasyswp103,win2016
usappasyswp110,win2016
usappasyswp111,win2016
usappasyswp120,win2016
usappasyswp121,win2016
usappasyswp200,win2008
usappasyswp201,win2008
usappasyswp202,win2008
usappasyswp203,win2008
usappasyswp204,win2008
usappasyswp205,win2008
usappasyswp46,win2008
usappasyswt101,win2016
usappasyswt102,win2016
usappasyswt103,win2016
usappasyswt110,win2016
usappasyswt111,win2016
usappasyswt120,win2016
usappessbwp100,win2012
usappobiawd101,win2012
usappobiawd102,win2012
usappobiawp101,win2012
usappobiawt101,win2012
usappobiawt102,win2012
usappobiewd100,win2008
usappobiewp100,win2008
usappobiewt100,win2008
ushouasysw01v,win2008
ushouasysw01vd,win2008
ushouasysw01vt,win2008
ushouasysw02v,win2008
ushouasysw02vd,win2008
ushouasysw02vt,win2008
ushouasysw03v,win2008
ushouasysw03vd,win2008
ushouasysw03vt,win2008
ushouasysw04v,win2008
ushouasysw04vd,win2008
ushouasysw04vt,win2008
ushouasysw05v,win2008
ushouasysw05vd,win2008
ushouasysw05vt,win2008
ushouasysw06v,win2008
ushouasysw06vd,win2008
ushouasysw06vt,win2008
ushouasysw07v,win2008
ushouasysw07vd,win2008
ushouasysw07vt,win2008
ushouasysw08v,win2008
ushouasysw08vd,win2008
ushouasysw08vt,win2008
ushouasysw09v,win2008
ushouasysw09vd,win2008
ushouasysw09vt,win2008
ushouasysw10vd,win2008
ushouasysw12v,win2008
ushouasysw44v,win2008
ushouasysw44vd,win2008
ushouasysw44vt,win2008
ushouasysw45v,win2008
ushouasysw45vd,win2008
ushouasysw45vt,win2008
ushouasysw64v,win2012
ushouasysw64vd,win2012
ushouasysw64vt,win2012
ushouasysw65v,win2012
ushouasysw65vd,win2012
ushouasysw65vt,win2012
ushouasysw70v,win2012
ushouasysw70vd,win2012
ushouasysw70vt,win2012
ushouasysw71v,win2012
ushouasysw71vd,win2012
ushouasysw71vt,win2012
ushouasysw72v,win2012
ushouasysw72vd,win2012
ushouasysw72vt,win2012
ushouasysw73v,win2012
ushouasysw73vd,win2012
ushouasysw73vt,win2012
ushouasysw74v,win2012
ushouasysw74vd,win2012
ushouasysw74vt,win2012
ushouatapp01,win2008
ushouatapp01vt,win2008
ushoudm01vd,win2012
ushouess02vd,win2012
ushouhfmdit01vt,win2012
ushouinfmdm01v,win2008
ushouinfmdm01vd,win2008
ushouinfmdm01vt,win2008
ushouinfmdm02v,win2008
ushouinfmdm02vd,win2008
ushouinfmdm02vt,win2008
ushouobiee01,win2008
ushouofainf01,win2008
ushouofainf01d,win2008
ushouofainf01t,win2008
ushoupgp01v,win2008
ushoupgp01vd,win2008
ushousqlstng02,win2008
ushousqlstng2vd,win2008
ushousqlstr03vd,win2012
ushousyload01v,win2008
ushousyload01vd,win2008
ushousyload01vt,win2008
ushousyload02v,win2008
ushousyload02vd,win2008
ushousyload02vt,win2008
ushousyload03v,win2012
ushousyload03vd,win2012
ushousyload03vt,win2012
ushouvia01v,win2008
ushouvia01vd,win2008
ushouvia01vt,win2008
ushouvia02v,win2008
ushouvia02vt,win2008
ushouviainf01,win2008
ushouviainf01d,win2008
ushouviainf01t,win2008
ushouwinsinf01,win2008
ushouwinsinf01d,win2008
ushouwinsinf01t,win2008
usoraesswt100,win2012
